N_x,V_dis,status
100,0.0006725338613653936,success
200,0.0006713286478853167,success
300,0.0006714679155127787,success
400,0.0006711862636095624,success
500,0.0006712235974634646,success
600,0.0006710704428825264,success
700,0.0006709906883113972,success
800,0.0006709858492602774,success
900,0.000670976948243341,success
1000,0.0006710095806856499,success
