N_h,V_dis,status
100,0.0006711407966673102,success
200,0.0006710934067170614,success
300,0.0006711788454432128,success
400,0.0006711862636095624,success
500,0.0006711647114859698,success
600,0.0006712312203504271,success
700,0.0006712172566778591,success
800,0.0006712272428538538,success
900,0.0006712346230678993,success
1000,0.0006712536543385728,success
